PU_Borough,PUWeekday,PUHour,avg(passenger_count)
Staten Island,Tuesday,0,1.0833333333333333
Staten Island,Saturday,2,1.0769230769230769
Staten Island,Monday,5,1.0357142857142858
EWR,Tuesday,20,1.0344827586206897
EWR,Saturday,2,1.0
EWR,Thursday,23,1.0
Staten Island,Monday,2,1.0
EWR,Monday,23,1.0
Staten Island,Monday,4,1.0
Staten Island,Friday,0,1.0
EWR,Friday,1,1.0
Staten Island,Friday,5,1.0
EWR,Sunday,1,1.0
Staten Island,Friday,20,1.0
EWR,Friday,0,1.0
Staten Island,Sunday,13,1.0
Staten Island,Friday,21,1.0
EWR,Saturday,1,1.0
EWR,Sunday,2,1.0
Staten Island,Monday,6,1.0
EWR,Thursday,3,1.0
EWR,Tuesday,2,1.0
Staten Island,Monday,18,1.0
Staten Island,Friday,6,1.0
Staten Island,Saturday,7,1.0
EWR,Tuesday,23,1.0
Staten Island,Thursday,5,1.0
Bronx,Monday,11,1.5022222222222221
Bronx,Tuesday,18,1.5009451795841209
Staten Island,Saturday,23,1.5
EWR,Sunday,19,1.5
Staten Island,Sunday,5,1.5
Staten Island,Sunday,7,1.5
EWR,Thursday,15,1.5
Staten Island,Sunday,21,1.5
EWR,Wednesday,3,1.5
EWR,Friday,22,1.5
Staten Island,Thursday,21,1.5
EWR,Friday,20,1.5
Staten Island,Thursday,17,1.5
Staten Island,Tuesday,14,1.5
EWR,Wednesday,1,1.5
EWR,Saturday,13,1.5
Unknown,Friday,15,1.4037271399763578
Unknown,Monday,10,1.4035036778939218
Bronx,Wednesday,4,1.4025974025974026
Unknown,Tuesday,12,1.4022038567493114
Unknown,Friday,8,1.4009638554216868
Staten Island,Wednesday,1,1.4
EWR,Sunday,4,1.4
Staten Island,Monday,21,1.4
Staten Island,Wednesday,2,1.4
Staten Island,Wednesday,23,1.4
EWR,Saturday,8,1.4
Staten Island,Thursday,16,1.4
EWR,Monday,0,1.4
Queens,Friday,20,1.668060664954536
Queens,Thursday,10,1.6675406630521732
Queens,Wednesday,18,1.6667177053029143
Staten Island,Sunday,6,1.6666666666666667
EWR,Monday,15,1.6666666666666667
EWR,Wednesday,2,1.6666666666666667
Staten Island,Monday,3,1.6666666666666667
Bronx,Monday,2,1.6666666666666667
EWR,Monday,3,1.6666666666666667
EWR,Monday,2,1.6666666666666667
Staten Island,Sunday,3,2.0625
Staten Island,Friday,12,2.0588235294117645
EWR,Tuesday,12,2.0
EWR,Thursday,1,2.0
Staten Island,Wednesday,18,2.0
Staten Island,Friday,17,2.0
Staten Island,Thursday,7,2.0
Staten Island,Friday,1,2.0
Staten Island,Wednesday,11,2.0
Staten Island,Monday,16,2.0
Staten Island,Wednesday,16,2.0
Staten Island,Wednesday,3,2.0
EWR,Sunday,22,1.3333333333333333
Staten Island,Monday,23,1.3333333333333333
Staten Island,Wednesday,0,1.3333333333333333
Staten Island,Thursday,1,1.3333333333333333
EWR,Wednesday,23,1.3333333333333333
EWR,Tuesday,8,1.3333333333333333
EWR,Monday,22,1.3333333333333333
EWR,Wednesday,12,1.3333333333333333
EWR,Thursday,18,1.2181818181818183
EWR,Tuesday,3,1.2142857142857142
EWR,Friday,5,1.2105263157894737
EWR,Sunday,0,1.2
EWR,Tuesday,1,1.2
EWR,Sunday,3,1.2
Staten Island,Thursday,19,1.2
Staten Island,Thursday,0,1.2
Staten Island,Thursday,18,1.2
Staten Island,Friday,3,1.2
Staten Island,Sunday,12,1.2
Unknown,Tuesday,17,1.4334273415466825
Unknown,Wednesday,0,1.4321766561514195
Bronx,Monday,5,1.4308510638297873
Unknown,Monday,12,1.4307880055788005
Unknown,Thursday,23,1.4295283282165783
Staten Island,Saturday,22,1.4285714285714286
Staten Island,Thursday,15,1.4285714285714286
Staten Island,Sunday,23,2.6
Staten Island,Wednesday,19,2.6
Staten Island,Thursday,8,2.6
Staten Island,Friday,10,2.5714285714285716
Staten Island,Wednesday,9,2.5555555555555554
Staten Island,Tuesday,7,2.5384615384615383
Staten Island,Sunday,17,2.5384615384615383
Staten Island,Wednesday,13,2.466666666666667
Staten Island,Tuesday,10,2.4642857142857144
Staten Island,Monday,11,2.4444444444444446
Staten Island,Tuesday,11,2.4285714285714284
Staten Island,Friday,7,2.411764705882353
Staten Island,Saturday,20,2.3846153846153846
Staten Island,Tuesday,23,2.3333333333333335
Staten Island,Tuesday,2,2.3333333333333335
Staten Island,Thursday,10,2.3181818181818183
Staten Island,Saturday,10,2.3181818181818183
Staten Island,Monday,7,2.3076923076923075
Staten Island,Friday,13,2.3076923076923075
Staten Island,Wednesday,21,2.2142857142857144
Staten Island,Tuesday,3,2.2
Staten Island,Saturday,13,2.1818181818181817
Staten Island,Saturday,17,2.1666666666666665
Staten Island,Monday,20,2.1666666666666665
Staten Island,Tuesday,12,2.142857142857143
EWR,Thursday,2,1.125
Staten Island,Monday,22,1.125
EWR,Thursday,0,1.125
Staten Island,Saturday,0,1.1176470588235294
Staten Island,Thursday,6,1.1176470588235294
Staten Island,Tuesday,20,1.1111111111111112
Staten Island,Tuesday,4,1.1111111111111112
Staten Island,Monday,14,4.363636363636363
Staten Island,Friday,15,3.727272727272727
Staten Island,Monday,13,3.3529411764705883
Staten Island,Tuesday,9,3.3333333333333335
Staten Island,Thursday,14,3.25
Staten Island,Wednesday,6,3.2142857142857144
Manhattan,Thursday,18,1.6012415950662504
Manhattan,Wednesday,12,1.601060609007397
Manhattan,Tuesday,13,1.6008488517739612
Manhattan,Wednesday,14,1.6007491675222514
Brooklyn,Wednesday,7,1.6006305832895429
Manhattan,Wednesday,18,1.6003188702419215
Staten Island,Wednesday,4,1.2857142857142858
EWR,Thursday,22,1.2857142857142858
Staten Island,Thursday,20,1.2857142857142858
Staten Island,Saturday,21,1.2857142857142858
EWR,Monday,4,1.2857142857142858
Staten Island,Tuesday,22,1.2777777777777777
Staten Island,Saturday,6,1.1818181818181819
Staten Island,Sunday,15,1.1818181818181819
EWR,Tuesday,22,1.1666666666666667
EWR,Wednesday,22,1.1666666666666667
Staten Island,Tuesday,21,1.1666666666666667
Staten Island,Thursday,3,1.1666666666666667
Queens,Saturday,18,1.7255568138920347
Manhattan,Saturday,22,1.7235949915212465
Queens,Saturday,19,1.7230204142825016
Staten Island,Thursday,22,1.7222222222222223
Queens,Saturday,20,1.7216315956692818
Manhattan,Saturday,23,1.7215676160442666
Staten Island,Wednesday,15,1.6153846153846154
Manhattan,Monday,19,1.615171315712646
Manhattan,Tuesday,15,1.6151187710367285
Brooklyn,Tuesday,21,1.614678899082569
Brooklyn,Wednesday,21,1.6146226066385747
Brooklyn,Friday,20,1.6145905621096461
Staten Island,Sunday,11,1.4545454545454546
Staten Island,Friday,2,1.4545454545454546
Unknown,Monday,14,1.4543120374565777
Unknown,Wednesday,3,1.4537719795802608
Unknown,Wednesday,1,1.453427065026362
Unknown,Thursday,0,1.4530764449968925
Manhattan,Saturday,21,1.7203451852141753
Manhattan,Sunday,0,1.7135493576027885
Manhattan,Saturday,19,1.7101759777774495
Manhattan,Saturday,20,1.710169360749971
Manhattan,Sunday,2,1.7074609817814637
Queens,Saturday,17,1.7057274781412712
Brooklyn,Wednesday,4,1.5411359724612737
Manhattan,Saturday,6,1.5410060028979506
Bronx,Monday,17,1.5408163265306123
Brooklyn,Wednesday,14,1.5388338833883388
Brooklyn,Wednesday,2,1.5387136419500205
Brooklyn,Thursday,15,1.5385395537525355
Manhattan,Sunday,14,1.6896410433076003
Manhattan,Saturday,14,1.6895188962177232
Brooklyn,Saturday,21,1.6893380895759018
Queens,Monday,17,1.6889991858207554
Manhattan,Friday,22,1.6888388384518436
Manhattan,Saturday,0,1.6886622131621005
Queens,Monday,6,1.607388484967577
Manhattan,Wednesday,20,1.6069189515824458
Manhattan,Tuesday,14,1.6067615703410405
Manhattan,Monday,11,1.6066702605000713
Manhattan,Wednesday,19,1.6065019447925926
Manhattan,Monday,3,1.6061946902654867
Queens,Friday,6,1.598780269058296
Manhattan,Thursday,16,1.598609400065586
Manhattan,Friday,12,1.598440699737309
Manhattan,Wednesday,16,1.598437920818745
Manhattan,Thursday,17,1.5983839392433954
Manhattan,Tuesday,11,1.5983319258868698
Manhattan,Monday,10,1.5907453943051042
Brooklyn,Wednesday,19,1.5904153354632589
Manhattan,Wednesday,4,1.5900831500582169
Unknown,Saturday,20,1.5900236803911083
Brooklyn,Monday,8,1.5898674159276496
Queens,Thursday,6,1.5897737625265715
Queens,Thursday,5,1.5873443074419478
Manhattan,Tuesday,10,1.5869805565042228
Queens,Monday,5,1.5865292560680295
Brooklyn,Wednesday,18,1.5864267820542017
Brooklyn,Wednesday,20,1.5862833992476126
Manhattan,Thursday,10,1.586034289438654
Staten Island,Wednesday,8,3.1739130434782608
Staten Island,Sunday,18,3.125
Staten Island,Sunday,19,3.1
Staten Island,Thursday,13,2.9583333333333335
Staten Island,Tuesday,8,2.9411764705882355
Staten Island,Monday,12,2.869565217391304
Manhattan,Tuesday,12,1.598289082083941
Bronx,Sunday,2,1.5980582524271845
Manhattan,Wednesday,17,1.597710621608941
Manhattan,Thursday,11,1.5975241657084949
Manhattan,Friday,13,1.597228984230628
Brooklyn,Thursday,20,1.5972172351885099
Staten Island,Sunday,9,1.3846153846153846
Staten Island,Saturday,19,1.3846153846153846
Unknown,Thursday,7,1.3842897460018815
Unknown,Friday,12,1.3832539142273657
Unknown,Friday,7,1.3823611239914682
Unknown,Friday,9,1.382222963395314
Unknown,Saturday,23,1.6137945149406467
Brooklyn,Wednesday,22,1.6136077508347473
Manhattan,Monday,13,1.6134413925785838
Manhattan,Tuesday,20,1.6134242123217484
Brooklyn,Monday,18,1.6129032258064515
Bronx,Sunday,15,1.6127527216174184
Manhattan,Saturday,1,1.687050424970293
Queens,Friday,18,1.6860017497812774
Queens,Thursday,17,1.685818811347564
Manhattan,Sunday,15,1.6857639028792921
Manhattan,Saturday,16,1.6852940585505034
Manhattan,Sunday,12,1.6852474622169595
Unknown,Tuesday,14,1.4160810095972192
Unknown,Tuesday,19,1.4159062146140011
Bronx,Tuesday,20,1.4157303370786516
Unknown,Wednesday,19,1.4155900086132644
Unknown,Wednesday,18,1.414393751549715
Unknown,Wednesday,13,1.4108632862644417
Staten Island,Thursday,11,2.739130434782609
Staten Island,Monday,8,2.739130434782609
Staten Island,Monday,19,2.7142857142857144
Staten Island,Thursday,9,2.7
Staten Island,Tuesday,13,2.625
Staten Island,Monday,10,2.607142857142857
Brooklyn,Saturday,22,1.6846737481031866
Queens,Saturday,11,1.6840643274853802
Queens,Thursday,13,1.6840586357815874
Queens,Saturday,13,1.6840225914861837
Queens,Saturday,12,1.68397365532382
Manhattan,Saturday,12,1.683605736609563
Manhattan,Wednesday,2,1.6109092070896267
Brooklyn,Sunday,20,1.6108606997209702
Manhattan,Sunday,8,1.6107946742698702
Brooklyn,Saturday,14,1.610627719080174
Bronx,Wednesday,14,1.6105263157894736
Bronx,Tuesday,23,1.6103896103896105
Bronx,Saturday,19,1.6100719424460432
Manhattan,Tuesday,2,1.6096077620550888
Queens,Thursday,2,1.6094488188976377
Manhattan,Thursday,15,1.6093953876254932
Bronx,Wednesday,1,1.6093366093366093
Manhattan,Monday,12,1.6091648087189012
Manhattan,Friday,4,1.5971599692381788
Manhattan,Tuesday,4,1.597054849295425
EWR,Wednesday,14,1.5970149253731343
Manhattan,Wednesday,11,1.5967595572059057
Manhattan,Saturday,5,1.5967399881633457
Queens,Tuesday,7,1.5966678777183785
Unknown,Saturday,11,1.5160871821484172
Bronx,Saturday,15,1.5160744500846024
Brooklyn,Friday,6,1.5160689333954356
Brooklyn,Thursday,3,1.5157809549500945
Bronx,Wednesday,0,1.5157232704402517
Brooklyn,Wednesday,12,1.5154929577464789
Staten Island,Friday,19,2.857142857142857
Staten Island,Friday,9,2.8181818181818183
Staten Island,Saturday,9,2.8
Staten Island,Monday,15,2.789473684210526
Staten Island,Wednesday,10,2.764705882352941
Staten Island,Sunday,20,2.75
Brooklyn,Saturday,23,1.6815296606848993
Bronx,Wednesday,7,1.6801968019680196
Manhattan,Sunday,17,1.6801773628047743
Queens,Friday,10,1.6792389479574705
Manhattan,Sunday,18,1.679201405177193
Manhattan,Friday,21,1.6784754950615313
Queens,Tuesday,10,1.6348025540884012
EWR,Tuesday,11,1.6346153846153846
Queens,Wednesday,8,1.6346015436924528
Manhattan,Monday,0,1.6344745337528015
Manhattan,Wednesday,22,1.6342347288949897
Brooklyn,Thursday,22,1.6342042755344417
Brooklyn,Saturday,17,1.631486934118513
Manhattan,Tuesday,21,1.631421537298251
Queens,Tuesday,3,1.6313541221700127
Manhattan,Monday,15,1.6311459258399488
Brooklyn,Sunday,14,1.6309910253962192
Brooklyn,Friday,21,1.6303147844248844
Brooklyn,Monday,20,1.607825798607273
Queens,Wednesday,7,1.6077872496208356
Bronx,Saturday,21,1.6077441077441077
Manhattan,Thursday,19,1.6075156786865725
Queens,Thursday,3,1.607486407360937
Manhattan,Wednesday,3,1.607438608214209
Manhattan,Friday,1,1.6377291970296342
Brooklyn,Tuesday,22,1.6370493479928407
Queens,Saturday,0,1.6368591087326445
Manhattan,Tuesday,0,1.6367213793817637
Manhattan,Monday,21,1.6365581492102643
Queens,Monday,10,1.6364063881416828
Manhattan,Friday,2,1.630303944815693
Queens,Tuesday,2,1.6301677453440762
Brooklyn,Saturday,10,1.6297910381048162
Brooklyn,Saturday,13,1.6295289855072463
Unknown,Saturday,22,1.6293103448275863
Queens,Tuesday,4,1.6291603311370164
Brooklyn,Monday,16,1.589597902097902
Brooklyn,Sunday,23,1.5893489176063873
Brooklyn,Thursday,7,1.5892744479495269
Bronx,Sunday,22,1.5890410958904109
Manhattan,Thursday,4,1.5887797566012223
Brooklyn,Thursday,1,1.5885958824890123
Manhattan,Sunday,7,1.5709479257178653
Brooklyn,Monday,11,1.5706644144144144
Bronx,Friday,20,1.5705024311183144
Brooklyn,Thursday,19,1.5698673640949001
Manhattan,Monday,9,1.5693860350277584
Brooklyn,Tuesday,14,1.5688595492829502
Unknown,Saturday,10,1.520270924044509
Brooklyn,Friday,16,1.520199581522614
Manhattan,Wednesday,5,1.520111105892772
Brooklyn,Friday,14,1.5199688796680497
Brooklyn,Wednesday,9,1.5199191685912241
Unknown,Sunday,9,1.519683947879124
Queens,Monday,9,1.6275775437240314
Brooklyn,Saturday,15,1.6273651974187904
Manhattan,Tuesday,3,1.6266138080634303
EWR,Sunday,15,1.6265822784810127
Queens,Wednesday,23,1.6262138850352856
Manhattan,Wednesday,21,1.626090853936311
Manhattan,Friday,16,1.6126801889478302
Manhattan,Wednesday,15,1.61246641124989
EWR,Saturday,14,1.6122448979591837
Brooklyn,Monday,13,1.611922714420358
Queens,Saturday,3,1.6113638473679324
Manhattan,Friday,14,1.6111983164788644
Brooklyn,Monday,15,1.6035260352603526
EWR,Sunday,10,1.603448275862069
Manhattan,Thursday,14,1.602818103656236
Bronx,Wednesday,15,1.6026200873362446
Manhattan,Thursday,3,1.6024582898339472
Manhattan,Tuesday,17,1.602034830205815
Manhattan,Monday,5,1.5347891273565262
Brooklyn,Thursday,16,1.5340765671013883
Brooklyn,Friday,15,1.5338888888888889
Brooklyn,Wednesday,6,1.5333333333333334
Bronx,Monday,20,1.5315068493150685
Bronx,Saturday,0,1.5308924485125859
Bronx,Wednesday,19,1.694789081885856
Manhattan,Saturday,13,1.6932335156228264
Manhattan,Sunday,4,1.692807010713565
EWR,Monday,13,1.6923076923076923
Manhattan,Friday,23,1.6906494921856885
Manhattan,Sunday,13,1.6900245330287258
Queens,Saturday,22,1.6751852138671623
Queens,Thursday,11,1.6751487414187642
Manhattan,Sunday,19,1.67510005400327
Queens,Tuesday,17,1.6747398942520895
Manhattan,Sunday,10,1.674398195398787
Queens,Thursday,18,1.6741776035452531
Manhattan,Sunday,23,1.6459683125183837
Brooklyn,Saturday,11,1.6453795001146525
Queens,Sunday,21,1.6450820695683543
Queens,Friday,8,1.645047865924082
Brooklyn,Sunday,13,1.6450200316780024
Manhattan,Friday,19,1.6448632165761525
Bronx,Tuesday,13,1.6393034825870647
Manhattan,Tuesday,22,1.6388947747057339
Brooklyn,Saturday,0,1.6383972055217815
Bronx,Friday,19,1.638360175695461
Brooklyn,Saturday,2,1.638348274420549
Brooklyn,Saturday,4,1.6379852328386577
Manhattan,Wednesday,23,1.6340789611542184
Queens,Saturday,4,1.6340082908163265
Queens,Saturday,9,1.6339690605602548
Queens,Wednesday,22,1.6333975570743056
Queens,Tuesday,8,1.6333293796702646
Queens,Friday,0,1.6330906578807525
Bronx,Thursday,6,1.6237218813905931
Manhattan,Wednesday,1,1.6236003228084335
Bronx,Saturday,23,1.623413258110014
Brooklyn,Sunday,11,1.62276023890785
Brooklyn,Tuesday,23,1.6227478174726022
Manhattan,Tuesday,1,1.622616020849662
Bronx,Sunday,10,1.5831932773109243
Brooklyn,Thursday,0,1.5829590117911285
Brooklyn,Wednesday,15,1.5827120693129155
Bronx,Saturday,10,1.5824561403508772
Bronx,Saturday,17,1.5823605706874189
Brooklyn,Friday,19,1.582170415366935
Bronx,Tuesday,6,1.5732758620689655
Brooklyn,Tuesday,20,1.5725025746652934
Manhattan,Friday,9,1.5716179839522317
Staten Island,Monday,0,1.5714285714285714
Bronx,Friday,11,1.5714285714285714
Manhattan,Friday,8,1.571256962020671
Unknown,Sunday,0,1.565363208220351
Manhattan,Tuesday,8,1.56515266345744
Bronx,Saturday,2,1.5650684931506849
Bronx,Wednesday,3,1.5650557620817844
Manhattan,Wednesday,9,1.5649656085281396
Manhattan,Thursday,8,1.5636379814176533
Brooklyn,Friday,10,1.5274866310160429
EWR,Wednesday,16,1.5272727272727273
Brooklyn,Friday,11,1.527238572323106
Bronx,Wednesday,10,1.5269058295964126
Unknown,Saturday,14,1.5264964920137334
Unknown,Saturday,1,1.5260663507109005
Unknown,Saturday,12,1.5233216918897943
Bronx,Thursday,2,1.5226586102719033
Manhattan,Monday,6,1.522591194625751
Manhattan,Tuesday,6,1.522370272157728
Bronx,Saturday,16,1.5221238938053097
Unknown,Saturday,15,1.5220943449843705
Bronx,Thursday,3,1.5061728395061729
Brooklyn,Thursday,17,1.5061211839454518
Brooklyn,Wednesday,3,1.5061058344640434
Bronx,Sunday,13,1.5055555555555555
Bronx,Saturday,3,1.5053191489361701
Brooklyn,Thursday,6,1.5049552816050278
Bronx,Saturday,5,1.4744827586206897
Unknown,Wednesday,22,1.4735902690553315
Unknown,Saturday,8,1.4731767998756025
Bronx,Wednesday,23,1.4728506787330318
Unknown,Monday,16,1.4720491803278688
Bronx,Thursday,12,1.4719101123595506
Unknown,Wednesday,23,1.4473467369808832
Unknown,Saturday,5,1.4471309996391195
Bronx,Friday,12,1.4469525959367946
Unknown,Thursday,1,1.4468431771894095
Unknown,Thursday,22,1.4458432159581585
Bronx,Tuesday,16,1.4455252918287937
Unknown,Friday,10,1.3881830838844413
Bronx,Tuesday,5,1.3868194842406876
Unknown,Thursday,12,1.3863801599482994
Unknown,Thursday,10,1.3858705239019227
Unknown,Wednesday,9,1.3856451891518398
Unknown,Tuesday,9,1.3853442280945758
Manhattan,Saturday,3,1.6784380322893566
Queens,Friday,11,1.6784016738304792
Brooklyn,Sunday,0,1.678357040323633
Bronx,Thursday,20,1.6782077393075356
Queens,Friday,14,1.678109098141917
Manhattan,Saturday,11,1.6778897119298102
Queens,Tuesday,16,1.6361848078281045
Brooklyn,Sunday,18,1.636145041838992
Queens,Wednesday,1,1.6359941768773505
Manhattan,Thursday,21,1.6358410898585478
Queens,Tuesday,0,1.635640326975477
Queens,Thursday,8,1.6354725601657547
Manhattan,Sunday,5,1.621836118444975
Brooklyn,Sunday,22,1.621763440860215
Brooklyn,Monday,22,1.621501218794654
Queens,Thursday,0,1.6214833759590792
Manhattan,Friday,18,1.6213167706918565
Bronx,Wednesday,16,1.6212424849699398
Brooklyn,Thursday,9,1.5510597302504816
Bronx,Friday,2,1.5508849557522124
Manhattan,Thursday,7,1.549777084262149
Unknown,Sunday,2,1.5494126421778855
Unknown,Saturday,18,1.5491439027578093
Brooklyn,Tuesday,4,1.5490360435875943
Bronx,Tuesday,10,1.5135135135135136
EWR,Tuesday,10,1.5135135135135136
Manhattan,Wednesday,6,1.5134249956873826
Bronx,Wednesday,11,1.5131004366812226
Bronx,Thursday,22,1.51252408477842
Brooklyn,Wednesday,11,1.5114795918367347
Manhattan,Monday,23,1.6448561025906905
EWR,Sunday,12,1.644736842105263
Queens,Sunday,20,1.6440246171461286
Queens,Wednesday,21,1.6438021709723185
Manhattan,Thursday,22,1.6437449943064493
Queens,Wednesday,2,1.643643112819833
Brooklyn,Tuesday,12,1.557682491066871
Unknown,Saturday,16,1.5567795357090048
Brooklyn,Tuesday,18,1.5565331114017358
Bronx,Friday,3,1.5563549160671464
Brooklyn,Monday,9,1.556228642435539
Bronx,Wednesday,21,1.5560538116591929
Staten Island,Sunday,2,1.5217391304347827
Brooklyn,Friday,12,1.521608040201005
Brooklyn,Sunday,7,1.5214791851195748
Bronx,Friday,14,1.5214285714285714
Unknown,Sunday,16,1.5214259463432562
Brooklyn,Monday,5,1.521091811414392
Unknown,Thursday,19,1.4234696889203706
Unknown,Tuesday,20,1.4222929504977315
Unknown,Monday,11,1.422002820874471
Unknown,Monday,1,1.4219279334770558
Unknown,Thursday,18,1.4211589895988113
Unknown,Friday,0,1.4204989759821263
Queens,Thursday,15,1.6719792895761054
Queens,Sunday,15,1.6713287803661085
Queens,Wednesday,14,1.6710162325799884
Queens,Monday,20,1.669176731374179
Manhattan,Saturday,4,1.6690453074433658
Queens,Sunday,18,1.668078967350038
Brooklyn,Saturday,1,1.6562700600385152
Queens,Sunday,1,1.656160756010177
Queens,Friday,16,1.6561228673247343
Queens,Monday,12,1.6560504579094335
Queens,Wednesday,13,1.6557800570679417
Brooklyn,Saturday,20,1.655562848703643
Bronx,Friday,18,1.6504161712247325
Queens,Sunday,4,1.6496509319157113
Bronx,Thursday,23,1.6496478873239437
Manhattan,Monday,22,1.6494660580031606
Bronx,Wednesday,20,1.648578811369509
Brooklyn,Saturday,18,1.6482664233576643
Brooklyn,Saturday,8,1.6244372990353697
Queens,Sunday,7,1.624266815087554
Manhattan,Monday,1,1.6240173329056835
Queens,Wednesday,3,1.6239669421487604
Bronx,Wednesday,22,1.6237864077669903
Bronx,Saturday,8,1.6237623762376239
Brooklyn,Thursday,21,1.6091273889682378
Queens,Thursday,1,1.6090941898231685
Queens,Sunday,23,1.6090169777557939
Queens,Monday,2,1.6087955365933706
Brooklyn,Friday,0,1.6085189400097546
Manhattan,Monday,2,1.6085092030451962
Unknown,Saturday,13,1.510479261321999
Brooklyn,Wednesday,10,1.5096129837702872
EWR,Sunday,13,1.5086206896551724
Brooklyn,Saturday,6,1.508505467800729
EWR,Saturday,19,1.5084745762711864
Unknown,Saturday,9,1.5079963445282156
Bronx,Monday,23,1.5073684210526315
Unknown,Sunday,12,1.5073477406679765
Unknown,Sunday,13,1.5070656691604323
Unknown,Sunday,3,1.5068931289290834
Unknown,Sunday,20,1.5068421511374532
Brooklyn,Wednesday,17,1.5068275643061289
EWR,Tuesday,7,1.4528301886792452
Bronx,Saturday,12,1.4515151515151514
Unknown,Wednesday,5,1.4510102935569957
Unknown,Thursday,21,1.4509781089892875
Unknown,Tuesday,6,1.4503227838135726
Unknown,Tuesday,22,1.4502001231527093
Bronx,Saturday,7,1.7052441229656419
Queens,Saturday,15,1.7048239208049334
Manhattan,Sunday,1,1.7047669822543596
Bronx,Tuesday,7,1.7044476327116211
Queens,Saturday,14,1.7009702526921846
Manhattan,Sunday,3,1.700426668201816
Queens,Sunday,3,1.6330562123407826
Queens,Sunday,8,1.6329959595151418
Queens,Wednesday,9,1.6328613224107664
Brooklyn,Monday,21,1.631803527403755
EWR,Saturday,18,1.631578947368421
Staten Island,Saturday,4,1.631578947368421
Bronx,Monday,6,1.6209150326797386
Brooklyn,Sunday,19,1.6208535926526202
Queens,Monday,8,1.620691790151484
Manhattan,Monday,20,1.6205606658582863
Manhattan,Friday,3,1.620515464590363
Brooklyn,Wednesday,0,1.6202756404836391
Queens,Sunday,6,1.62015503875969
Manhattan,Friday,15,1.6193814740217034
Queens,Saturday,7,1.6190672040799539
Queens,Sunday,22,1.6187582196995915
Brooklyn,Sunday,21,1.6186102236421724
Brooklyn,Thursday,23,1.617893586005831
Manhattan,Monday,14,1.61758636518402
EWR,Saturday,7,1.6170212765957446
Brooklyn,Saturday,3,1.616503430883819
Queens,Monday,1,1.6163374623367928
Manhattan,Monday,17,1.6161848216951942
Brooklyn,Saturday,9,1.6154511075094544
Brooklyn,Wednesday,8,1.5613032984714401
Bronx,Monday,7,1.5611413043478262
Brooklyn,Tuesday,9,1.5611206761621537
Manhattan,Monday,8,1.561025384670318
Bronx,Friday,6,1.5609284332688589
Brooklyn,Tuesday,17,1.5604285236022766
EWR,Thursday,21,1.5555555555555556
Staten Island,Sunday,14,1.5555555555555556
Staten Island,Tuesday,17,1.5555555555555556
EWR,Monday,1,1.5555555555555556
EWR,Friday,23,1.5555555555555556
Bronx,Sunday,11,1.5553745928338762
Unknown,Thursday,20,1.437586559884386
Unknown,Tuesday,3,1.4371301775147929
EWR,Saturday,17,1.4366197183098592
Unknown,Tuesday,2,1.4362282878411912
Unknown,Monday,13,1.435463606667225
Unknown,Thursday,16,1.4343014128728415
Unknown,Monday,5,1.409860745201355
Unknown,Wednesday,4,1.4097350585335797
EWR,Friday,19,1.4096385542168675
Unknown,Wednesday,8,1.4095857026807475
Unknown,Tuesday,4,1.407536636427076
Unknown,Wednesday,15,1.4075029481132075
Queens,Tuesday,13,1.6521554169030062
Bronx,Friday,7,1.6518691588785046
Queens,Wednesday,15,1.651865423649656
Bronx,Thursday,7,1.6514575411913814
Queens,Wednesday,12,1.6512437702670353
Brooklyn,Sunday,3,1.6511191264390532
Brooklyn,Sunday,4,1.6431998006354744
Queens,Tuesday,22,1.6430098098317532
EWR,Saturday,11,1.6428571428571428
Queens,Thursday,23,1.6426165126375902
Queens,Monday,23,1.6417637651359378
Manhattan,Friday,0,1.6417362692989117
Queens,Friday,3,1.6416412047140987
Bronx,Wednesday,17,1.641350210970464
Manhattan,Thursday,23,1.6413283004268735
Bronx,Monday,12,1.641255605381166
Bronx,Saturday,9,1.6411960132890366
Queens,Thursday,22,1.6408571953930762
Brooklyn,Friday,7,1.5919294494922502
Manhattan,Friday,10,1.5918225105141346
Brooklyn,Tuesday,0,1.5911483510581157
Queens,Monday,3,1.5911073825503357
Bronx,Friday,10,1.5910224438902743
Brooklyn,Sunday,5,1.5909407665505226
Queens,Wednesday,4,1.55298233922026
Brooklyn,Tuesday,13,1.552687662798958
EWR,Monday,12,1.5522388059701493
Brooklyn,Wednesday,13,1.5522079116835326
Manhattan,Tuesday,7,1.5520518928427456
Bronx,Friday,1,1.5511811023622046
Bronx,Monday,9,1.440881763527054
Unknown,Monday,18,1.4396019900497512
Unknown,Thursday,17,1.439428453095879
Unknown,Tuesday,15,1.439322240879255
Unknown,Friday,4,1.4383308714918759
Unknown,Wednesday,16,1.4378548895899053
Unknown,Wednesday,20,1.4266911345946973
Bronx,Monday,3,1.4254658385093169
Unknown,Thursday,2,1.4253565768621237
Unknown,Thursday,4,1.4249743062692704
Bronx,Thursday,5,1.424778761061947
Unknown,Monday,3,1.4242038216560509
Unknown,Thursday,11,1.392378990731205
Unknown,Tuesday,8,1.392054978209856
Unknown,Monday,8,1.3909713461885025
Bronx,Tuesday,1,1.3898305084745763
Unknown,Monday,7,1.3891511908509075
Unknown,Wednesday,10,1.3889345384826075
Staten Island,Saturday,3,1.263157894736842
EWR,Thursday,11,1.2564102564102564
EWR,Friday,14,1.255813953488372
EWR,Wednesday,0,1.25
Staten Island,Saturday,5,1.25
Staten Island,Sunday,0,1.25
Staten Island,Wednesday,22,1.25
EWR,Saturday,12,1.6774193548387097
Queens,Tuesday,18,1.6773261623998401
Queens,Friday,19,1.6764121438321842
Queens,Monday,18,1.6763518043133472
Brooklyn,Sunday,2,1.6761885161555876
Queens,Wednesday,17,1.6759101086325565
Bronx,Thursday,13,1.6648793565683646
Manhattan,Sunday,22,1.6644274376417234
Bronx,Thursday,18,1.6636225266362252
Bronx,Tuesday,14,1.663529411764706
Brooklyn,Saturday,19,1.6634656122016664
EWR,Sunday,8,1.6626506024096386
Brooklyn,Monday,17,1.5798247121498539
Brooklyn,Friday,2,1.5798088410991638
Bronx,Wednesday,5,1.579746835443038
Bronx,Monday,19,1.5796019900497513
Queens,Tuesday,5,1.579145573527596
Brooklyn,Tuesday,16,1.5791065611912518
Brooklyn,Wednesday,1,1.5780068728522336
Brooklyn,Tuesday,1,1.5778219791148682
EWR,Thursday,20,1.5777777777777777
Brooklyn,Monday,7,1.5773016792125072
EWR,Monday,14,1.5765765765765767
Bronx,Wednesday,13,1.576555023923445
Manhattan,Thursday,9,1.5680511086283302
Bronx,Sunday,20,1.5680473372781065
Manhattan,Tuesday,9,1.5675401669732116
Bronx,Monday,18,1.56686626746507
Bronx,Sunday,4,1.5667447306791569
Brooklyn,Thursday,13,1.566322136089578
Brooklyn,Sunday,8,1.554706082229018
Brooklyn,Saturday,5,1.5546187683284458
Unknown,Sunday,1,1.5542398777692896
Brooklyn,Friday,18,1.5539967091019313
EWR,Sunday,6,1.5538461538461539
Unknown,Saturday,17,1.5530571712299617
Brooklyn,Friday,4,1.5473002159827214
Brooklyn,Thursday,14,1.5470978108053826
Brooklyn,Friday,17,1.5468227424749164
Manhattan,Monday,7,1.5466778791851137
EWR,Monday,10,1.5454545454545454
Bronx,Sunday,16,1.544839255499154
Unknown,Sunday,14,1.5250238147578223
Bronx,Saturday,1,1.5249130938586326
Unknown,Sunday,18,1.5245017233628053
Manhattan,Friday,6,1.524151932786707
Bronx,Tuesday,0,1.5239130434782608
Manhattan,Tuesday,5,1.523578859404987
Brooklyn,Thursday,4,1.504746835443038
Unknown,Sunday,4,1.5040231734792404
Unknown,Sunday,21,1.5038516660695092
Bronx,Sunday,3,1.5031789282470482
Brooklyn,Wednesday,16,1.5025629596612435
Bronx,Friday,4,1.5023041474654377
Brooklyn,Tuesday,5,1.4963094183643342
Unknown,Sunday,10,1.496160540595884
Unknown,Sunday,19,1.4953722334004025
Bronx,Tuesday,9,1.4951076320939334
Bronx,Sunday,14,1.4946043165467626
Brooklyn,Tuesday,11,1.4933181688939436
Staten Island,Saturday,12,1.894736842105263
Bronx,Thursday,19,1.8846960167714886
EWR,Monday,21,1.875
Staten Island,Friday,14,1.875
Staten Island,Sunday,4,1.8666666666666667
Staten Island,Wednesday,20,1.8571428571428572
Manhattan,Sunday,16,1.6835797606719274
Manhattan,Sunday,11,1.6832738566162238
EWR,Sunday,11,1.6829268292682926
Queens,Monday,19,1.6828507344385044
Manhattan,Saturday,2,1.682804569698983
EWR,Tuesday,6,1.6818181818181819
Queens,Tuesday,19,1.6663589966337278
Queens,Friday,15,1.6657631359466223
Manhattan,Saturday,10,1.6654536094369936
Queens,Sunday,0,1.665374864179645
Queens,Sunday,11,1.6653482416774423
Queens,Monday,14,1.665100445893465
Queens,Tuesday,15,1.6511124903609247
Manhattan,Sunday,9,1.650817672965907
Bronx,Monday,13,1.650753768844221
Queens,Thursday,21,1.650617244467187
Bronx,Tuesday,22,1.6506024096385543
Brooklyn,Sunday,15,1.6505797245069864
Queens,Monday,11,1.6477700535824553
Queens,Friday,22,1.647431360807157
Brooklyn,Friday,22,1.6471467157059938
Queens,Tuesday,11,1.647099355412314
Queens,Saturday,2,1.647019379065245
Queens,Wednesday,0,1.6468977269269391
Manhattan,Tuesday,19,1.6061006023538529
Bronx,Sunday,1,1.6060913705583757
EWR,Saturday,20,1.606060606060606
Manhattan,Friday,11,1.6059293345811554
Queens,Friday,7,1.6057921635434411
Queens,Saturday,6,1.6050475687103594
Unknown,Monday,21,1.466288737717309
Unknown,Saturday,4,1.4656311372969113
Bronx,Wednesday,9,1.4652777777777777
Brooklyn,Friday,5,1.4651046859421735
Bronx,Sunday,6,1.4649390243902438
Unknown,Monday,20,1.4643811219946572
Bronx,Wednesday,8,1.4444444444444444
Unknown,Monday,2,1.444392523364486
Bronx,Thursday,15,1.4439655172413792
Unknown,Tuesday,16,1.4435589878409465
Unknown,Friday,18,1.4429832150891158
Bronx,Friday,17,1.4416403785488958
Staten Island,Wednesday,14,1.7
Queens,Saturday,21,1.6986401624250436
EWR,Sunday,14,1.697674418604651
Queens,Saturday,16,1.6971796140524493
Manhattan,Saturday,18,1.6966389752734707
Queens,Thursday,14,1.6957503906515388
Bronx,Sunday,9,1.654485049833887
Manhattan,Friday,20,1.6544110790152835
Queens,Wednesday,20,1.6542478643886813
Queens,Sunday,19,1.654233121386406
Queens,Thursday,20,1.65386736177252
Queens,Monday,22,1.6534888317849377
Manhattan,Saturday,8,1.6001416401728215
EWR,Sunday,17,1.6
Manhattan,Thursday,12,1.5995123768686228
Brooklyn,Saturday,16,1.5990799309948247
Manhattan,Thursday,13,1.5989369055281177
Brooklyn,Monday,12,1.5988829652195988
Bronx,Thursday,8,1.548201438848921
Bronx,Tuesday,11,1.547911547911548
Bronx,Saturday,11,1.5478547854785478
Bronx,Wednesday,2,1.5477707006369428
EWR,Tuesday,15,1.5473684210526315
Brooklyn,Thursday,18,1.5473595976529757
Manhattan,Thursday,6,1.5185443635055096
Unknown,Sunday,15,1.5185158186324537
Brooklyn,Friday,3,1.518427980443776
Bronx,Thursday,16,1.517102615694165
EWR,Friday,15,1.5169491525423728
EWR,Wednesday,13,1.5161290322580645
Unknown,Friday,3,1.4074186682882335
Unknown,Friday,14,1.4067432332594534
Unknown,Wednesday,14,1.4066123120652254
Bronx,Friday,9,1.4065510597302504
Unknown,Wednesday,7,1.405755940547193
EWR,Sunday,20,1.4054054054054055
Bronx,Tuesday,17,1.404833836858006
EWR,Monday,11,1.4047619047619047
Bronx,Monday,8,1.404632152588556
Unknown,Tuesday,13,1.404579517069109
Unknown,Wednesday,11,1.4042291831183644
Unknown,Wednesday,12,1.4040645055125884
Queens,Sunday,14,1.675744162176033
EWR,Sunday,5,1.6756756756756757
Queens,Sunday,16,1.6756044152477991
Brooklyn,Sunday,1,1.6755110193754577
Queens,Saturday,23,1.6753199268738574
Manhattan,Sunday,20,1.6752973120985897
Queens,Thursday,16,1.6598124214393914
Queens,Monday,15,1.6596547650301916
Queens,Sunday,10,1.6595102477970887
Bronx,Sunday,17,1.6592592592592592
Queens,Monday,16,1.658554198355996
Queens,Tuesday,20,1.6583415717085523
Brooklyn,Thursday,10,1.538255033557047
Brooklyn,Tuesday,2,1.5381808704717228
Bronx,Thursday,17,1.5378900445765231
Brooklyn,Saturday,7,1.5376943881000675
EWR,Monday,7,1.537037037037037
Bronx,Sunday,0,1.536806342015855
Brooklyn,Tuesday,6,1.5259576612903225
Bronx,Monday,15,1.525735294117647
Bronx,Saturday,18,1.525697503671072
EWR,Friday,13,1.5254237288135593
Brooklyn,Thursday,2,1.5252645954250597
Unknown,Saturday,0,1.525136574234147
Unknown,Sunday,22,1.491423320400245
EWR,Thursday,13,1.4907407407407407
Unknown,Tuesday,1,1.4898412698412697
Brooklyn,Sunday,6,1.4896999552171966
Unknown,Saturday,2,1.489584315204072
Unknown,Sunday,8,1.487809673613842
Bronx,Sunday,23,1.5857359635811836
Queens,Wednesday,6,1.5851764242065838
Brooklyn,Monday,0,1.5850292161998791
Brooklyn,Tuesday,7,1.5838262387278192
EWR,Saturday,16,1.5833333333333333
EWR,Sunday,16,1.5833333333333333
Bronx,Monday,16,1.460348162475822
Unknown,Monday,15,1.4599351892767714
Unknown,Monday,4,1.4593967517401392
Unknown,Sunday,23,1.4589604148223094
Unknown,Friday,1,1.4586568587385915
Unknown,Friday,5,1.4586516107605447
EWR,Saturday,15,1.449438202247191
Unknown,Tuesday,5,1.4494117647058824
Unknown,Monday,23,1.449296817172465
Unknown,Monday,17,1.449234637284626
Unknown,Friday,17,1.4491362763915547
Unknown,Monday,19,1.447718042266125
Queens,Friday,23,1.6551838235294118
Queens,Monday,21,1.6549719676635484
Queens,Tuesday,1,1.654970760233918
Queens,Saturday,1,1.6548696216546406
Queens,Friday,21,1.6548025353486104
Queens,Sunday,12,1.654610607847938
Queens,Sunday,9,1.640546416171842
Manhattan,Tuesday,23,1.6402916446764364
Staten Island,Sunday,1,1.64
Manhattan,Saturday,9,1.6399902627127165
Brooklyn,Friday,23,1.6399848574072515
Queens,Friday,1,1.6393906522661887
Queens,Friday,4,1.5963117342427686
Brooklyn,Monday,19,1.595948827292111
Bronx,Tuesday,21,1.5955882352941178
Queens,Friday,5,1.595452671261118
Unknown,Saturday,21,1.595150115473441
Queens,Monday,0,1.5949546151125782
EWR,Thursday,6,1.576271186440678
Bronx,Saturday,22,1.5761904761904761
Brooklyn,Monday,10,1.5758674262040393
Brooklyn,Tuesday,8,1.5755808817033308
Bronx,Monday,14,1.5743380855397149
EWR,Tuesday,17,1.5733333333333333
Brooklyn,Tuesday,3,1.4793423271500843
Unknown,Saturday,3,1.4788451966152314
EWR,Monday,8,1.4782608695652173
EWR,Thursday,9,1.4772727272727273
EWR,Wednesday,15,1.4754098360655739
Unknown,Monday,22,1.4746459171183774
Queens,Tuesday,9,1.6286467889908256
Manhattan,Thursday,0,1.6286433951723207
Queens,Saturday,5,1.6284042767803106
EWR,Monday,16,1.6283185840707965
Bronx,Friday,21,1.6281407035175879
EWR,Saturday,5,1.627906976744186
Bronx,Saturday,14,1.5885328836424957
Bronx,Friday,16,1.5883977900552486
Unknown,Saturday,19,1.5882944615578047
EWR,Tuesday,4,1.588235294117647
Bronx,Thursday,0,1.5881057268722467
Queens,Monday,4,1.5876425351365686
EWR,Tuesday,13,1.4576271186440677
Bronx,Friday,23,1.4570259208731242
Brooklyn,Monday,3,1.456189585282195
Unknown,Friday,19,1.455367742664933
Unknown,Monday,0,1.45519505600618
Unknown,Wednesday,21,1.454928802786775
Queens,Tuesday,14,1.662316269640142
Queens,Sunday,17,1.662227028949006
Queens,Saturday,8,1.6615639076576576
Queens,Sunday,13,1.660791874353428
Queens,Friday,9,1.6606692449974778
Queens,Sunday,2,1.660621068130103
Bronx,Thursday,1,1.5367483296213809
Bronx,Sunday,21,1.5363036303630364
Bronx,Saturday,6,1.536231884057971
Unknown,Friday,22,1.535215618435685
EWR,Sunday,9,1.5352112676056338
Brooklyn,Friday,13,1.5349393984737394
Bronx,Friday,8,1.4843537414965986
Unknown,Sunday,5,1.4843205574912892
Bronx,Friday,13,1.4836734693877551
Bronx,Friday,15,1.482233502538071
Unknown,Friday,20,1.4817344445140672
Unknown,Sunday,7,1.4795173961840629
EWR,Friday,12,1.379746835443038
Bronx,Thursday,9,1.3783185840707965
Unknown,Thursday,8,1.377471001470348
Unknown,Thursday,5,1.3762145355616013
Staten Island,Tuesday,16,1.375
Unknown,Thursday,6,1.3740974035950222
Bronx,Tuesday,2,1.4642857142857142
EWR,Wednesday,17,1.4631578947368422
Bronx,Saturday,4,1.4619140625
EWR,Monday,18,1.4615384615384615
Staten Island,Tuesday,18,1.4615384615384615
Bronx,Sunday,12,1.46140350877193
Bronx,Thursday,14,1.544392523364486
Unknown,Sunday,17,1.5443479551695984
Brooklyn,Monday,1,1.5441407477222746
Bronx,Monday,0,1.543778801843318
EWR,Monday,19,1.5416666666666667
Bronx,Friday,0,1.5414462081128748
EWR,Thursday,8,1.4871794871794872
Bronx,Wednesday,12,1.4863157894736843
Bronx,Monday,4,1.4861111111111112
EWR,Tuesday,16,1.485981308411215
Bronx,Monday,22,1.4857142857142858
Unknown,Tuesday,0,1.485057054881362
EWR,Wednesday,9,1.3478260869565217
EWR,Tuesday,14,1.3454545454545455
EWR,Wednesday,19,1.3424657534246576
EWR,Thursday,17,1.3421052631578947
EWR,Wednesday,5,1.3396226415094339
EWR,Thursday,10,1.3392857142857142
Unknown,Friday,13,1.3733353063036402
EWR,Friday,10,1.372093023255814
Unknown,Monday,9,1.3688502310410438
EWR,Thursday,19,1.3676470588235294
EWR,Saturday,3,1.3636363636363635
EWR,Wednesday,6,1.3636363636363635
Staten Island,Saturday,16,1.9615384615384615
Staten Island,Saturday,18,1.9583333333333333
Staten Island,Monday,9,1.9565217391304348
Staten Island,Sunday,10,1.9375
Staten Island,Tuesday,15,1.9285714285714286
EWR,Saturday,4,1.8461538461538463
EWR,Sunday,7,1.836734693877551
EWR,Saturday,23,1.8333333333333333
Staten Island,Friday,11,1.8235294117647058
EWR,Monday,9,1.82
Staten Island,Tuesday,19,1.8181818181818181
Brooklyn,Monday,2,1.5634598012646792
Brooklyn,Friday,9,1.5634382888268898
Brooklyn,Thursday,12,1.5631849698054125
Bronx,Sunday,19,1.562992125984252
Bronx,Tuesday,8,1.5625
Bronx,Sunday,5,1.56198347107438
EWR,Monday,20,1.56
Bronx,Friday,22,1.5597014925373134
Manhattan,Sunday,6,1.5588883673962823
Queens,Wednesday,5,1.55864940472318
Brooklyn,Monday,4,1.5584820164259416
Manhattan,Friday,7,1.5577880653292195
EWR,Tuesday,18,1.2763157894736843
EWR,Wednesday,11,1.2758620689655173
EWR,Wednesday,18,1.2753623188405796
EWR,Thursday,4,1.275
Staten Island,Thursday,4,1.2666666666666666
EWR,Friday,7,1.2666666666666666
EWR,Wednesday,8,1.3055555555555556
EWR,Tuesday,5,1.2941176470588236
EWR,Friday,4,1.2926829268292683
EWR,Tuesday,19,1.2926829268292683
EWR,Friday,6,1.2891566265060241
EWR,Friday,18,1.2876712328767124
Queens,Thursday,7,1.6048481146220914
Manhattan,Tuesday,16,1.6045743262518704
Manhattan,Wednesday,13,1.604388239674442
Manhattan,Tuesday,18,1.6041763039874555
Manhattan,Thursday,2,1.6040144788784114
Brooklyn,Sunday,10,1.6883963494132985
Queens,Friday,17,1.6880043550659665
Queens,Thursday,12,1.6877490257892203
Manhattan,Saturday,17,1.6871035396592111
Manhattan,Saturday,15,1.6870843489512803
EWR,Friday,8,1.360655737704918
EWR,Thursday,12,1.3571428571428572
Unknown,Thursday,9,1.3567617141904285
Bronx,Thursday,11,1.3538083538083538
EWR,Saturday,10,1.3529411764705883
EWR,Monday,5,1.35
Manhattan,Friday,17,1.6145088902691611
Manhattan,Thursday,20,1.6142307600261794
Manhattan,Monday,18,1.614203992343451
Brooklyn,Monday,23,1.6139546515505168
Brooklyn,Sunday,12,1.613861386138614
Brooklyn,Sunday,16,1.6354054635405464
Queens,Thursday,9,1.635270293630998
Brooklyn,Saturday,12,1.6352254641909814
Manhattan,Wednesday,0,1.6351208703010633
Queens,Tuesday,23,1.6349499890632146
Brooklyn,Monday,14,1.5820830615351162
Queens,Tuesday,6,1.5820420534192081
Brooklyn,Tuesday,19,1.582036316472114
Manhattan,Wednesday,10,1.5813294381524658
Brooklyn,Friday,8,1.5798821280662632
Brooklyn,Wednesday,23,1.594384985264464
Queens,Thursday,4,1.5941864241636896
Brooklyn,Thursday,8,1.5931225296442688
Queens,Monday,7,1.5930633738877793
Manhattan,Monday,4,1.5925468704932217
Manhattan,Friday,5,1.530424827500851
EWR,Monday,17,1.5301204819277108
Unknown,Friday,23,1.5299469294920394
Staten Island,Thursday,23,1.5294117647058822
Bronx,Wednesday,6,1.5288461538461537
Manhattan,Saturday,7,1.5618997593157353
Manhattan,Wednesday,8,1.5617011051823546
Brooklyn,Friday,1,1.5614908828018315
Bronx,Tuesday,3,1.5614754098360655
Bronx,Monday,21,1.5613577023498695
Queens,Tuesday,21,1.646772882176899
Queens,Wednesday,10,1.6463569165786696
Queens,Wednesday,11,1.6463044947985954
Queens,Friday,2,1.6462609002025896
Queens,Wednesday,16,1.646121861506477
Unknown,Friday,2,1.4282436378806842
Bronx,Thursday,10,1.4282115869017633
Unknown,Thursday,3,1.427919708029197
Unknown,Wednesday,17,1.4273201100332995
Unknown,Sunday,6,1.4269414795730586
Unknown,Thursday,15,1.419849495953429
Unknown,Friday,16,1.4184413580246913
Unknown,Tuesday,18,1.4178367134685388
Unknown,Wednesday,6,1.4173643410852714
EWR,Saturday,9,1.4166666666666667
Brooklyn,Tuesday,15,1.5489280407556782
Bronx,Sunday,8,1.5489021956087825
Manhattan,Wednesday,7,1.548850666249323
Bronx,Monday,1,1.5486542443064182
Brooklyn,Tuesday,10,1.548601864181092
Brooklyn,Thursday,11,1.5153048927452397
Bronx,Tuesday,15,1.514910536779324
Manhattan,Thursday,5,1.51468491402603
Bronx,Tuesday,4,1.5145985401459854
Unknown,Friday,21,1.5145061531594721
Bronx,Tuesday,12,1.6738609112709832
Queens,Saturday,10,1.6728008352910466
Queens,Friday,13,1.6726638692494875
Queens,Friday,12,1.672157139082181
Manhattan,Sunday,21,1.6721395239709065
Brooklyn,Wednesday,5,1.498967246975509
Bronx,Saturday,13,1.4974874371859297
Bronx,Sunday,7,1.4973544973544974
Unknown,Saturday,7,1.4970360237118103
Bronx,Thursday,4,1.4969325153374233
EWR,Friday,11,1.234375
EWR,Friday,9,1.2321428571428572
Staten Island,Friday,22,1.2222222222222223
Staten Island,Sunday,8,1.2222222222222223
Staten Island,Tuesday,1,1.2222222222222223
Queens,Monday,13,1.6576046892137297
Queens,Wednesday,19,1.6573016468341915
Bronx,Sunday,18,1.657293497363796
Queens,Tuesday,12,1.6569861900893583
Bronx,Thursday,21,1.656842105263158
Staten Island,Friday,8,1.8125
Staten Island,Friday,18,1.8
Staten Island,Saturday,1,1.8
Staten Island,Saturday,11,1.8
Staten Island,Sunday,16,1.8
EWR,Tuesday,0,1.8
EWR,Sunday,23,1.8
Queens,Sunday,5,1.625810635538262
Manhattan,Monday,16,1.6253071557270433
Brooklyn,Sunday,9,1.6250332181769864
Staten Island,Saturday,8,1.625
Manhattan,Thursday,1,1.6248838342278609
Bronx,Friday,5,1.44543429844098
Unknown,Tuesday,23,1.4452451030143103
Unknown,Tuesday,21,1.444965667278537
Unknown,Friday,6,1.4446251663462961
Unknown,Saturday,6,1.444514106583072
EWR,Wednesday,7,1.396551724137931
EWR,Thursday,5,1.3962264150943395
Unknown,Tuesday,7,1.3956639566395663
EWR,Thursday,14,1.3944954128440368
Unknown,Thursday,13,1.3926237161531279
EWR,Thursday,16,1.162162162162162
Staten Island,Wednesday,5,1.15625
EWR,Wednesday,4,1.1481481481481481
Staten Island,Friday,4,1.1428571428571428
EWR,Saturday,0,1.1428571428571428
Staten Island,Sunday,22,1.1
EWR,Sunday,21,1.1
EWR,Wednesday,21,1.1
EWR,Friday,3,1.0952380952380953
Staten Island,Thursday,2,1.0909090909090908
EWR,Friday,21,1.0909090909090908
Staten Island,Thursday,12,2.526315789473684
Staten Island,Wednesday,7,2.526315789473684
Staten Island,Wednesday,17,2.5
Staten Island,Monday,17,2.5
Staten Island,Monday,1,2.5
EWR,Saturday,21,2.2857142857142856
Staten Island,Saturday,14,2.2857142857142856
Staten Island,Saturday,15,2.25
Staten Island,Wednesday,12,2.25
Staten Island,Friday,16,2.25
Brooklyn,Monday,6,1.4713013359722908
Brooklyn,Thursday,5,1.469557964970809
Bronx,Monday,10,1.4691943127962086
EWR,Friday,16,1.46875
Bronx,Tuesday,19,1.4665178571428572
EWR,Tuesday,21,1.75
EWR,Friday,2,1.75
EWR,Saturday,22,1.75
EWR,Monday,6,1.7346938775510203
EWR,Wednesday,20,1.7272727272727273
Bronx,Saturday,20,1.7263681592039801
Bronx,Wednesday,18,1.7906976744186047
EWR,Sunday,18,1.7804878048780488
Staten Island,Tuesday,6,1.7647058823529411
EWR,Wednesday,10,1.763157894736842
Unknown,Tuesday,11,1.3991619602842047
Unknown,Monday,6,1.3985867994218726
Unknown,Tuesday,10,1.3975079632752483
Unknown,Friday,11,1.3967799934619156
EWR,Saturday,6,1.3243243243243243
EWR,Friday,17,1.313953488372093
EWR,Thursday,7,1.309090909090909
Brooklyn,Sunday,17,1.6665073599694131
Queens,Thursday,19,1.6664971693955728
Staten Island,Tuesday,5,1.1851851851851851
Unknown,Wednesday,2,1.4996102883865938
Unknown,Thursday,14,1.3998576512455516
Unknown,Sunday,11,1.4996527777777777
EWR,Tuesday,9,1.967741935483871
Staten Island,Friday,23,0.9
